timestamp,course,hear_website,hear_social,hear_community,hear_family,hear_student,hear_alumni,hear_teacher,hear_counselor,hear_app,hear_employer,hear_billboard,hear_tv,hear_radio,hear_other,impact_affordability,impact_location,impact_programs,impact_online,impact_referral,impact_faculty,impact_reputation,impact_finaid,impact_scholarships,impact_size,impact_ecs,impact_acceptcred,impact_negative,impact_njstars,impact_transferability,impact_hscredit,major,choice,interest,gender,race,age
2024/09/09 12:33:58 PM AST,CMP 128 Computer Science I,Yes,Yes,Yes,Yes,Yes,Yes,Yes,Yes,No,No,No,No,No,No,High Impact,High Impact,Some Impact,Some Impact,Some Impact,No Impact,Some Impact,No Impact,No Impact,No Impact,No Impact,Some Impact,No Impact,No Impact,High Impact,Some Impact,Mechanical Engineering Technologies ,Non-Major,2.0,Man,White/Caucasian,21-24
2024/09/09 6:00:11 PM AST,Course Unknown,No,No,Yes,No,No,No,Yes,Don't recall,No,No,No,No,No,Don't recall,Some Impact,Some Impact,Some Impact,No Impact,Not Applicable,No Impact,Some Impact,Some Impact,No Impact,No Impact,No Impact,Not Applicable,Not Applicable,No Impact,No Impact,Not Applicable,CIS Game Development Option,First Choice,0.0,Man,Hispanic or Latino;White/Caucasian;Multi-Racial,18 and younger
2024/09/10 9:00:12 AM AST,CMP 128 Computer Science I,No,No,No,Yes,No,Yes,No,Yes,No,No,No,No,No,No,High Impact,Some Impact,Some Impact,No Impact,High Impact,Some Impact,High Impact,Some Impact,Some Impact,Some Impact,Some Impact,No Impact,No Impact,No Impact,High Impact,No Impact,Computer Science,First Choice,0.0,Man,Hispanic or Latino;Asian,18 and younger
2024/09/10 12:34:53 PM AST,CMP 128 Computer Science I,Yes,Yes,Yes,Yes,No,No,Yes,Yes,No,No,Yes,Yes,No,No,High Impact,High Impact,High Impact,Some Impact,High Impact,Some Impact,Some Impact,Some Impact,Some Impact,No Impact,Some Impact,Some Impact,No Impact,High Impact,High Impact,No Impact,Mechanical Engineering,Non-Major,3.0,Man,Hispanic or Latino,19-20
2024/09/10 3:06:47 PM AST,CMP 128 Computer Science I,No,No,No,Yes,No,No,Yes,No,No,Yes,No,No,No,No,High Impact,High Impact,Some Impact,Some Impact,High Impact,Some Impact,Some Impact,No Impact,No Impact,No Impact,No Impact,No Impact,No Impact,No Impact,Some Impact,Some Impact,Computer Science,First Choice,0.0,Man,Asian,19-20
2024/09/10 3:07:28 PM AST,CMP 128 Computer Science I,No,No,No,No,No,Yes,No,No,No,Yes,No,No,No,No,No Impact,No Impact,No Impact,No Impact,No Impact,No Impact,No Impact,No Impact,No Impact,No Impact,No Impact,No Impact,No Impact,No Impact,No Impact,No Impact,Undecided,Non-Major,4.0,Man,White/Caucasian,21-24
2024/09/10 3:07:36 PM AST,CMP 128 Computer Science I,Yes,Yes,Don't recall,Yes,No,No,Yes,Yes,No,No,No,No,No,No,High Impact,High Impact,High Impact,High Impact,No Impact,No Impact,Some Impact,Some Impact,Some Impact,Some Impact,No Impact,Some Impact,No Impact,No Impact,High Impact,No Impact,Business Admin,Non-Major,2.0,Man,Asian,19-20
2024/09/10 3:07:42 PM AST,CMP 128 Computer Science I,Yes,Yes,No,Yes,Yes,Yes,Yes,Yes,No,No,No,No,No,No,High Impact,High Impact,High Impact,Some Impact,Some Impact,Some Impact,Some Impact,Some Impact,Some Impact,Some Impact,Some Impact,Some Impact,No Impact,No Impact,High Impact,Some Impact,Undecided,Non-Major,3.0,Woman,Asian,19-20
2024/09/10 3:07:51 PM AST,CMP 128 Computer Science I,No,No,No,No,No,No,Yes,Yes,No,No,No,No,No,No,High Impact,No Impact,No Impact,No Impact,No Impact,Some Impact,No Impact,High Impact,High Impact,High Impact,No Impact,High Impact,No Impact,High Impact,High Impact,No Impact,"Technical Studies, Applied Associate of Science",First Choice,0.0,Woman,Hispanic or Latino,18 and younger
2024/09/10 3:08:06 PM AST,CMP 128 Computer Science I,No,No,No,Yes,No,No,No,No,No,No,No,No,No,No,High Impact,No Impact,No Impact,No Impact,High Impact,No Impact,No Impact,No Impact,No Impact,No Impact,No Impact,No Impact,No Impact,No Impact,High Impact,No Impact,Computer Science,First Choice,0.0,Man,White/Caucasian,18 and younger
2024/09/10 3:08:12 PM AST,CMP 128 Computer Science I,No,No,No,Yes,No,No,Yes,Yes,No,No,No,No,No,No,High Impact,High Impact,High Impact,No Impact,No Impact,No Impact,High Impact,High Impact,No Impact,High Impact,No Impact,No Impact,No Impact,No Impact,Not Applicable,No Impact,Information Security Certificate of Achievement,Business,0.0,Man,Hispanic or Latino,19-20
2024/09/10 3:08:18 PM AST,CMP 128 Computer Science I,Yes,Yes,No,No,No,No,No,No,No,No,No,No,No,No,High Impact,High Impact,High Impact,No Impact,Some Impact,No Impact,High Impact,High Impact,No Impact,Some Impact,No Impact,No Impact,No Impact,No Impact,High Impact,No Impact,electrical engineering technology,Non-Major,1.0,Man,Hispanic or Latino,18 and younger
2024/09/10 3:08:20 PM AST,CMP 128 Computer Science I,No,No,No,No,Yes,No,Yes,No,No,No,No,No,No,Yes,High Impact,High Impact,Some Impact,Some Impact,No Impact,No Impact,No Impact,No Impact,No Impact,Some Impact,No Impact,No Impact,No Impact,No Impact,High Impact,No Impact,Computer Science,First Choice,0.0,Man,Hispanic or Latino;White/Caucasian,18 and younger
2024/09/10 3:08:38 PM AST,CMP 128 Computer Science I,No,Yes,No,Yes,No,No,Yes,Yes,No,No,Yes,No,No,No,High Impact,Some Impact,Some Impact,No Impact,Some Impact,No Impact,Some Impact,Some Impact,No Impact,High Impact,Some Impact,High Impact,No Impact,No Impact,Some Impact,No Impact,Information Security Certificate of Achievement,Engineering,0.0,Man,Hispanic or Latino,25-34
2024/09/10 3:08:43 PM AST,CMP 128 Computer Science I,Yes,No,No,No,No,No,No,No,No,No,No,No,No,Yes,High Impact,High Impact,High Impact,Some Impact,No Impact,No Impact,No Impact,No Impact,No Impact,No Impact,No Impact,No Impact,Some Impact,No Impact,No Impact,No Impact,Computer Science,Business,0.0,Man,Asian,25-34
2024/09/10 3:08:50 PM AST,CMP 128 Computer Science I,No,No,No,No,Yes,No,No,No,No,No,No,No,No,No,High Impact,No Impact,Some Impact,No Impact,No Impact,No Impact,No Impact,High Impact,Some Impact,No Impact,High Impact,Some Impact,No Impact,No Impact,High Impact,High Impact,Computer Science,First Choice,0.0,Man,Black/African American,18 and younger
2024/09/10 3:09:36 PM AST,CMP 128 Computer Science I,No,No,No,Yes,Yes,Yes,Yes,Yes,No,No,No,No,No,Don't recall,High Impact,High Impact,Some Impact,Some Impact,High Impact,Some Impact,High Impact,High Impact,No Impact,No Impact,No Impact,No Impact,No Impact,No Impact,Some Impact,No Impact,Liberal Arts,Non-Major,4.0,Man,White/Caucasian,19-20
2024/09/10 3:09:48 PM AST,CMP 128 Computer Science I,Yes,No,Yes,No,No,No,No,Yes,No,No,No,No,No,No,High Impact,High Impact,Some Impact,Some Impact,Some Impact,High Impact,Some Impact,Some Impact,Some Impact,Some Impact,Some Impact,No Impact,No Impact,No Impact,Some Impact,No Impact,Computer Science,First Choice,0.0,Man,White/Caucasian,18 and younger
2024/09/10 3:11:07 PM AST,CMP 128 Computer Science I,Yes,No,No,No,Yes,No,No,No,No,No,No,No,No,No,No Impact,No Impact,No Impact,Some Impact,No Impact,No Impact,No Impact,No Impact,No Impact,No Impact,No Impact,No Impact,No Impact,No Impact,No Impact,No Impact,Electronical Engineer,Non-Major,5.0,Man,Black/African American,35-64
2024/09/10 3:15:10 PM AST,CMP 128 Computer Science I,Yes,No,No,Yes,No,No,No,No,No,Yes,No,No,No,No,High Impact,High Impact,High Impact,Some Impact,Some Impact,Some Impact,High Impact,High Impact,Some Impact,Some Impact,Some Impact,High Impact,High Impact,No Impact,High Impact,No Impact,Information Technology,Cybersecurity,0.0,Man,Black/African American,21-24
2024/09/10 5:17:34 PM AST,CMP 128 Computer Science I,No,No,No,Yes,No,No,No,No,No,No,No,No,No,No,High Impact,High Impact,No Impact,No Impact,High Impact,No Impact,High Impact,No Impact,No Impact,No Impact,No Impact,No Impact,No Impact,No Impact,High Impact,No Impact,Computer Science,Data Analytics and Statistics,0.0,Man,Choose not to reply,18 and younger
2024/09/10 5:24:45 PM AST,CMP 128 Computer Science I,Don't recall,Don't recall,Don't recall,Yes,No,Don't recall,No,Yes,No,No,No,No,No,Don't recall,Some Impact,High Impact,Not Applicable,Not Applicable,High Impact,Not Applicable,Not Applicable,High Impact,Not Applicable,Not Applicable,Not Applicable,Not Applicable,Not Applicable,High Impact,High Impact,Not Applicable,Computer Science,First Choice,0.0,Woman,Asian;Native Hawaiian/Other Pacific Islander,19-20
2024/09/10 7:17:19 PM AST,CMP 128 Computer Science I,No,No,No,No,No,No,Yes,No,No,No,No,No,No,No,Some Impact,High Impact,High Impact,Not Applicable,Not Applicable,Not Applicable,Not Applicable,Not Applicable,Not Applicable,Not Applicable,Not Applicable,Not Applicable,Not Applicable,Not Applicable,Not Applicable,Not Applicable,Computer Science,Non-Major,0.0,Man,Hispanic or Latino,25-34
2024/09/10 7:17:55 PM AST,CMP 128 Computer Science I,Yes,Yes,Yes,Yes,Yes,No,Yes,Yes,No,No,No,Yes,No,No,High Impact,High Impact,Some Impact,Some Impact,High Impact,No Impact,High Impact,No Impact,No Impact,Some Impact,Some Impact,High Impact,No Impact,No Impact,Not Applicable,No Impact,"Technical Studies, Applied Associate of Science",Engineering,0.0,Man,White/Caucasian,25-34
2024/09/10 7:18:04 PM AST,CMP 128 Computer Science I,No,No,No,No,No,No,No,Yes,No,No,No,No,No,No,No Impact,No Impact,No Impact,No Impact,No Impact,No Impact,No Impact,No Impact,No Impact,No Impact,No Impact,No Impact,No Impact,No Impact,High Impact,High Impact,Non Degree seeking,Non-Major,2.0,Man,White/Caucasian,18 and younger
2024/09/10 7:18:59 PM AST,CMP 128 Computer Science I,Yes,No,No,Yes,No,No,No,No,No,No,No,No,No,No,High Impact,High Impact,High Impact,High Impact,High Impact,No Impact,Some Impact,High Impact,No Impact,High Impact,No Impact,High Impact,High Impact,No Impact,High Impact,No Impact,Non Degree seeking,Non-Major,3.0,Woman,Hispanic or Latino,19-20
2024/09/10 7:20:01 PM AST,CMP 128 Computer Science I,No,No,No,No,No,No,No,No,No,No,No,No,No,Yes,High Impact,High Impact,Some Impact,No Impact,No Impact,No Impact,Some Impact,No Impact,No Impact,No Impact,No Impact,No Impact,Some Impact,No Impact,High Impact,No Impact,Computer Science,First Choice,0.0,Man,White/Caucasian,19-20
2024/09/10 7:20:25 PM AST,CMP 128 Computer Science I,Yes,No,No,Yes,Yes,No,Yes,Yes,No,No,No,No,No,No,Some Impact,High Impact,High Impact,Some Impact,Some Impact,High Impact,Some Impact,High Impact,Some Impact,High Impact,Some Impact,No Impact,No Impact,No Impact,High Impact,No Impact,Mechanical Engineering,Non-Major,4.0,Man,Hispanic or Latino,25-34
2024/09/10 7:20:36 PM AST,CMP 128 Computer Science I,No,Yes,No,Yes,Yes,Yes,No,No,No,No,No,No,No,No,Some Impact,High Impact,High Impact,High Impact,Some Impact,Some Impact,High Impact,High Impact,High Impact,No Impact,High Impact,No Impact,No Impact,Some Impact,High Impact,Not Applicable,Computer Science,First Choice,0.0,Man,Hispanic or Latino,21-24
2024/09/10 7:24:54 PM AST,CMP 128 Computer Science I,Yes,No,Yes,Yes,Yes,No,Yes,Yes,No,No,No,No,No,Don't recall,Some Impact,High Impact,Some Impact,Some Impact,No Impact,No Impact,No Impact,No Impact,Some Impact,No Impact,Some Impact,High Impact,Some Impact,No Impact,High Impact,No Impact,Computer Science,First Choice,0.0,Man,Asian,19-20
2024/09/10 7:37:14 PM AST,CMP 120 Foundations of Information Security,No,No,No,Yes,No,Yes,Yes,Yes,No,No,No,No,No,No,Some Impact,Some Impact,No Impact,No Impact,High Impact,No Impact,Some Impact,No Impact,No Impact,No Impact,No Impact,No Impact,No Impact,No Impact,High Impact,No Impact,Computer Science,First Choice,0.0,Man,Asian,18 and younger
2024/09/10 7:38:34 PM AST,CMP 120 Foundations of Information Security,No,No,No,Yes,Yes,Yes,Yes,Yes,No,No,No,No,No,No,High Impact,High Impact,Some Impact,Some Impact,Some Impact,Not Applicable,Some Impact,High Impact,High Impact,Some Impact,No Impact,No Impact,No Impact,Not Applicable,High Impact,Some Impact,Computer Science,First Choice,0.0,Man,Hispanic or Latino,19-20
2024/09/10 7:38:39 PM AST,CMP 120 Foundations of Information Security,No,No,No,No,Yes,Don't recall,Yes,Yes,No,No,No,No,No,No,High Impact,No Impact,No Impact,No Impact,No Impact,No Impact,High Impact,High Impact,No Impact,Some Impact,Not Applicable,Not Applicable,Not Applicable,Not Applicable,High Impact,Not Applicable,Computer Science,First Choice,0.0,Man,Hispanic or Latino;White/Caucasian,19-20
2024/09/10 7:38:52 PM AST,CMP 120 Foundations of Information Security,Yes,Yes,No,Yes,Yes,Yes,Yes,No,No,Yes,Yes,No,No,No,High Impact,High Impact,High Impact,High Impact,No Impact,No Impact,High Impact,Some Impact,Some Impact,High Impact,Not Applicable,Not Applicable,Not Applicable,Not Applicable,High Impact,Not Applicable,Information Technology,Nursing,0.0,Woman,Hispanic or Latino,25-34
2024/09/10 7:39:17 PM AST,CMP 120 Foundations of Information Security,No,No,No,Yes,No,No,No,No,No,No,No,No,No,No,High Impact,High Impact,High Impact,No Impact,No Impact,No Impact,High Impact,No Impact,No Impact,No Impact,No Impact,No Impact,No Impact,No Impact,High Impact,No Impact,Information Technology,First Choice,0.0,Man,Hispanic or Latino,21-24
2024/09/10 7:39:31 PM AST,CMP 120 Foundations of Information Security,Yes,No,No,Yes,No,Yes,No,Yes,No,No,Yes,No,No,Don't recall,High Impact,High Impact,Some Impact,Not Applicable,No Impact,Some Impact,High Impact,Not Applicable,High Impact,High Impact,No Impact,High Impact,No Impact,Not Applicable,High Impact,Not Applicable,Information Technology,Engineering,0.0,Man,Hispanic or Latino;White/Caucasian,19-20
2024/09/10 7:39:31 PM AST,CMP 120 Foundations of Information Security,No,No,No,No,No,No,Yes,Yes,No,No,No,No,No,No,High Impact,High Impact,Some Impact,Some Impact,Some Impact,Some Impact,Some Impact,Some Impact,Some Impact,No Impact,No Impact,No Impact,No Impact,No Impact,High Impact,No Impact,Computer Science,Business,0.0,Man,Black/African American,19-20
2024/09/10 7:39:36 PM AST,CMP 120 Foundations of Information Security,No,No,No,No,No,Yes,No,No,No,No,No,No,No,Yes,High Impact,High Impact,High Impact,Some Impact,Some Impact,High Impact,High Impact,High Impact,High Impact,Some Impact,No Impact,No Impact,No Impact,No Impact,High Impact,No Impact,Computer Science,First Choice,0.0,Man,Black/African American,25-34
2024/09/10 7:40:10 PM AST,CMP 128 Computer Science I,No,No,No,Yes,No,No,No,Yes,No,No,No,No,No,No,High Impact,Some Impact,Some Impact,No Impact,No Impact,No Impact,Some Impact,Some Impact,Some Impact,Some Impact,Some Impact,No Impact,No Impact,No Impact,High Impact,No Impact,Computer Science,First Choice,0.0,Man,Hispanic or Latino,18 and younger
2024/09/10 9:30:31 PM AST,CMP 131 Fundamentals of Programming (Python),Don't recall,Don't recall,Don't recall,Yes,Yes,Don't recall,Don't recall,Don't recall,Don't recall,Don't recall,Don't recall,Don't recall,Don't recall,Don't recall,Some Impact,High Impact,No Impact,No Impact,No Impact,No Impact,No Impact,High Impact,No Impact,No Impact,No Impact,No Impact,No Impact,No Impact,No Impact,No Impact,Information Technology,Computer science,0.0,Man,Hispanic or Latino,25-34
2024/09/11 9:23:56 AM AST,CMP 131 Fundamentals of Programming (Python),Yes,No,No,Yes,Yes,No,No,No,No,No,No,No,No,No,High Impact,High Impact,High Impact,High Impact,Not Applicable,Not Applicable,High Impact,High Impact,High Impact,No Impact,Some Impact,Not Applicable,Not Applicable,Not Applicable,High Impact,High Impact,Computer Science,Nursing/Radiology,0.0,Woman,Asian,25-34
2024/09/11 2:03:49 PM AST,CMP 130 Intro to IT,No,No,No,Yes,Yes,No,No,No,No,No,No,No,No,No,High Impact,High Impact,Some Impact,Some Impact,High Impact,No Impact,Some Impact,Some Impact,No Impact,No Impact,No Impact,High Impact,No Impact,No Impact,High Impact,No Impact,Information Technology,First Choice,0.0,Man,Hispanic or Latino,19-20
2024/09/11 2:07:35 PM AST,CMP 128 Computer Science I,No,No,No,No,No,No,No,No,No,No,No,No,No,Yes,No Impact,No Impact,No Impact,No Impact,No Impact,No Impact,No Impact,No Impact,No Impact,No Impact,No Impact,No Impact,No Impact,No Impact,No Impact,No Impact,cyberseucirty,Non-Major,5.0,Man,Hispanic or Latino,18 and younger
2024/09/11 2:08:02 PM AST,CMP 128 Computer Science I,No,No,No,Yes,Yes,Yes,No,No,No,No,No,No,No,No,Not Applicable,Not Applicable,Not Applicable,Not Applicable,Not Applicable,Not Applicable,Not Applicable,Not Applicable,Not Applicable,Not Applicable,Not Applicable,Not Applicable,Not Applicable,Not Applicable,Not Applicable,High Impact,ShareTime CSIP Program,First Choice,0.0,Woman,Hispanic or Latino,18 and younger
2024/09/11 2:08:24 PM AST,CMP 128 Computer Science I,No,No,No,No,No,No,Yes,Yes,No,No,No,No,No,No,No Impact,High Impact,No Impact,No Impact,No Impact,No Impact,No Impact,No Impact,High Impact,No Impact,No Impact,No Impact,No Impact,No Impact,No Impact,High Impact,cybersecurity,Non-Major,4.0,Woman,Hispanic or Latino,18 and younger
2024/09/11 2:08:25 PM AST,CMP 128 Computer Science I,Yes,No,No,No,No,No,Yes,No,No,No,No,No,No,No,High Impact,No Impact,High Impact,No Impact,No Impact,No Impact,No Impact,No Impact,No Impact,No Impact,No Impact,No Impact,No Impact,No Impact,No Impact,High Impact,Information Technology,Science,0.0,Man,Asian,18 and younger
2024/09/11 2:08:51 PM AST,CMP 128 Computer Science I,No,No,No,Yes,No,No,No,No,No,No,No,No,No,No,Not Applicable,Not Applicable,High Impact,Not Applicable,Not Applicable,Not Applicable,Some Impact,Not Applicable,Not Applicable,Not Applicable,Not Applicable,Not Applicable,Not Applicable,High Impact,High Impact,High Impact,ShareTime CSIP Program,First Choice,0.0,Man,White/Caucasian,18 and younger
2024/09/11 2:08:53 PM AST,CMP 128 Computer Science I,Yes,No,No,Yes,Yes,No,Yes,Yes,No,No,No,No,No,No,No Impact,No Impact,No Impact,No Impact,No Impact,No Impact,No Impact,No Impact,No Impact,No Impact,No Impact,No Impact,No Impact,No Impact,No Impact,No Impact,Information Technology,First Choice,0.0,Man,Black/African American,18 and younger
2024/09/11 2:08:59 PM AST,CMP 128 Computer Science I,No,No,No,Yes,Yes,Yes,Yes,No,No,No,No,No,No,No,No Impact,High Impact,High Impact,No Impact,Some Impact,Some Impact,No Impact,No Impact,No Impact,No Impact,Some Impact,No Impact,No Impact,No Impact,High Impact,High Impact,ShareTime CSIP Program,First Choice,0.0,Woman,Asian,18 and younger
2024/09/11 2:09:08 PM AST,Course Unknown,No,No,No,No,No,No,No,Yes,No,No,No,No,No,Yes,No Impact,No Impact,Some Impact,No Impact,No Impact,No Impact,No Impact,No Impact,High Impact,No Impact,No Impact,No Impact,No Impact,No Impact,No Impact,High Impact,ShareTime CSIP Program,First Choice,0.0,Man,White/Caucasian,18 and younger
2024/09/11 2:09:21 PM AST,CMP 128 Computer Science I,No,No,No,No,No,No,Yes,No,No,No,No,No,No,Yes,No Impact,No Impact,Some Impact,No Impact,No Impact,No Impact,No Impact,No Impact,Some Impact,No Impact,No Impact,No Impact,No Impact,No Impact,No Impact,No Impact,Challenger Program,Business,0.0,Woman,White/Caucasian,18 and younger
2024/09/11 2:09:34 PM AST,CMP 128 Computer Science I,Yes,No,No,Yes,Yes,No,Yes,Yes,No,No,No,No,No,Don't recall,Some Impact,High Impact,High Impact,Some Impact,No Impact,Not Applicable,Some Impact,Some Impact,Some Impact,High Impact,Not Applicable,Not Applicable,Not Applicable,Not Applicable,High Impact,High Impact,Computer Science,First Choice,0.0,Man,Hispanic or Latino,18 and younger
2024/09/11 2:09:49 PM AST,CMP 128 Computer Science I,No,No,No,Yes,No,No,No,No,No,No,No,No,No,No,Not Applicable,No Impact,No Impact,No Impact,No Impact,No Impact,No Impact,Not Applicable,High Impact,No Impact,No Impact,No Impact,No Impact,No Impact,Some Impact,High Impact,Information Technology,Science,0.0,Man,White/Caucasian,18 and younger
2024/09/11 2:10:07 PM AST,CMP 128 Computer Science I,No,No,No,No,No,No,Yes,Yes,No,No,No,No,No,No,No Impact,Some Impact,High Impact,No Impact,No Impact,No Impact,No Impact,No Impact,High Impact,No Impact,No Impact,Not Applicable,Not Applicable,Not Applicable,Not Applicable,High Impact,ShareTime CSIP Program,First Choice,0.0,Man,Hispanic or Latino,18 and younger
2024/09/11 2:10:12 PM AST,CMP 128 Computer Science I,No,No,No,Yes,No,No,No,Yes,No,No,No,No,No,Yes,No Impact,No Impact,No Impact,No Impact,No Impact,No Impact,Some Impact,No Impact,Some Impact,No Impact,No Impact,No Impact,No Impact,No Impact,Some Impact,High Impact,ShareTime CSIP Program,Business,0.0,Man,White/Caucasian,18 and younger
2024/09/11 2:10:13 PM AST,CMP 128 Computer Science I,No,No,No,No,No,No,No,Yes,No,No,No,No,No,No,No Impact,No Impact,No Impact,No Impact,No Impact,No Impact,Some Impact,No Impact,High Impact,No Impact,No Impact,Some Impact,No Impact,No Impact,Some Impact,High Impact,ShareTime CSIP Program,First Choice,0.0,Man,White/Caucasian,18 and younger
2024/09/11 2:10:39 PM AST,CMP 128 Computer Science I,No,No,No,Yes,Yes,No,No,No,No,No,No,No,No,No,No Impact,No Impact,High Impact,No Impact,High Impact,No Impact,No Impact,No Impact,No Impact,No Impact,No Impact,No Impact,No Impact,No Impact,High Impact,High Impact,Information Technology,First Choice,0.0,Man,White/Caucasian,18 and younger
2024/09/11 2:11:50 PM AST,CMP 128 Computer Science I,No,No,No,No,No,No,Yes,Yes,No,No,No,No,No,Yes,No Impact,No Impact,High Impact,No Impact,No Impact,No Impact,No Impact,No Impact,High Impact,No Impact,No Impact,No Impact,No Impact,No Impact,High Impact,High Impact,ShareTime CSIP Program,Non-Major,0.0,Man,American Indian/Native American/Alaska Native;White/Caucasian,18 and younger
2024/09/11 2:13:37 PM AST,CMP 128 Computer Science I,Yes,No,No,Yes,No,No,Yes,Yes,No,No,No,Yes,No,No,Some Impact,High Impact,High Impact,Some Impact,Some Impact,Some Impact,Some Impact,Some Impact,High Impact,Some Impact,Some Impact,Some Impact,Some Impact,High Impact,Some Impact,Some Impact,Information Technology,First Choice,0.0,Woman,Choose not to reply,18 and younger
2024/09/11 2:17:55 PM AST,CMP 128 Computer Science I,No,No,No,Yes,Yes,Yes,No,No,No,No,No,No,No,No,High Impact,High Impact,High Impact,No Impact,High Impact,No Impact,No Impact,No Impact,No Impact,No Impact,No Impact,High Impact,No Impact,No Impact,High Impact,No Impact,Computer Science,First Choice,0.0,Man,Choose not to reply,18 and younger
2024/09/11 2:18:07 PM AST,CMP 128 Computer Science I,Yes,Yes,No,No,No,No,Yes,Yes,No,No,No,No,No,No,Some Impact,High Impact,High Impact,Not Applicable,Not Applicable,Not Applicable,Some Impact,Not Applicable,Not Applicable,Some Impact,Not Applicable,Not Applicable,Not Applicable,Not Applicable,Not Applicable,High Impact,Challenger Program,First Choice,0.0,Woman,Asian,18 and younger
2024/09/11 2:18:23 PM AST,CMP 128 Computer Science I,No,No,No,Yes,Yes,No,Yes,Yes,No,No,No,No,No,No,High Impact,High Impact,Not Applicable,Not Applicable,Not Applicable,Not Applicable,Not Applicable,Not Applicable,Not Applicable,Not Applicable,Not Applicable,Not Applicable,Not Applicable,Not Applicable,Not Applicable,Not Applicable,Computer Science,First Choice,0.0,Man,Black/African American,18 and younger
2024/09/11 2:18:33 PM AST,CMP 128 Computer Science I,No,No,No,No,No,No,No,No,No,No,No,No,No,Yes,Some Impact,No Impact,High Impact,No Impact,Some Impact,No Impact,No Impact,No Impact,No Impact,No Impact,No Impact,No Impact,No Impact,No Impact,High Impact,No Impact,CIS Game Development Option,First Choice,0.0,Man,Hispanic or Latino;White/Caucasian,21-24
2024/09/11 2:18:39 PM AST,CMP 128 Computer Science I,Yes,Don't recall,No,No,Yes,No,No,No,No,No,No,No,No,No,High Impact,High Impact,High Impact,High Impact,High Impact,Some Impact,No Impact,No Impact,No Impact,Some Impact,Some Impact,No Impact,No Impact,No Impact,High Impact,No Impact,electrical engineering  ,Non-Major,4.0,Man,White/Caucasian,18 and younger
2024/09/11 2:19:20 PM AST,CMP 128 Computer Science I,No,No,No,Yes,No,No,No,No,No,No,No,No,No,No,High Impact,High Impact,High Impact,Not Applicable,Not Applicable,Not Applicable,Not Applicable,High Impact,Not Applicable,Not Applicable,Not Applicable,Not Applicable,Not Applicable,Not Applicable,High Impact,Not Applicable,Business Administration,Non-Major,2.0,Man,White/Caucasian,19-20
2024/09/11 2:19:35 PM AST,CMP 128 Computer Science I,No,No,Yes,No,No,No,Yes,Yes,No,No,No,No,No,No,High Impact,No Impact,High Impact,No Impact,No Impact,High Impact,High Impact,High Impact,High Impact,High Impact,No Impact,High Impact,No Impact,No Impact,High Impact,High Impact,Mechanical engineering technology ,Non-Major,3.0,Man,Hispanic or Latino;Black/African American,18 and younger
2024/09/11 2:19:39 PM AST,CMP 128 Computer Science I,No,No,No,Yes,No,No,No,No,No,No,No,No,No,No,High Impact,High Impact,High Impact,Some Impact,High Impact,No Impact,High Impact,High Impact,High Impact,No Impact,No Impact,High Impact,No Impact,No Impact,High Impact,High Impact,Computer Science,Engineering,0.0,Man,White/Caucasian,18 and younger
2024/09/11 2:19:57 PM AST,CMP 128 Computer Science I,No,No,No,Yes,Yes,No,Yes,No,No,No,No,No,No,No,Some Impact,Some Impact,Some Impact,No Impact,High Impact,No Impact,Some Impact,No Impact,No Impact,No Impact,No Impact,No Impact,No Impact,No Impact,High Impact,No Impact,Computer Science,First Choice,0.0,Man,Asian,19-20
2024/09/11 2:20:20 PM AST,CMP 128 Computer Science I,Yes,No,No,Yes,Don't recall,No,Yes,Yes,No,No,No,No,No,No,Some Impact,Some Impact,High Impact,No Impact,Some Impact,Some Impact,High Impact,High Impact,High Impact,No Impact,Some Impact,Some Impact,No Impact,No Impact,High Impact,No Impact,CIS Game Development Option,First Choice,0.0,Man,Black/African American,18 and younger
2024/09/11 2:20:23 PM AST,CMP 128 Computer Science I,Yes,No,No,Yes,No,No,Yes,Yes,No,Yes,No,No,No,No,High Impact,High Impact,High Impact,Some Impact,High Impact,High Impact,High Impact,High Impact,Not Applicable,Not Applicable,Not Applicable,High Impact,Not Applicable,Not Applicable,High Impact,High Impact,Computer Science,First Choice,0.0,Man,White/Caucasian,21-24
2024/09/11 2:20:59 PM AST,CMP 128 Computer Science I,No,No,Yes,Yes,Yes,No,Yes,Yes,No,No,No,No,No,No,High Impact,High Impact,Some Impact,No Impact,Some Impact,No Impact,No Impact,High Impact,Some Impact,No Impact,No Impact,No Impact,No Impact,No Impact,High Impact,No Impact,Electronics Technolgies Engineering,Non-Major,2.0,Man,Hispanic or Latino;White/Caucasian,19-20
2024/09/11 2:21:01 PM AST,CMP 128 Computer Science I,Yes,No,Yes,Yes,No,No,No,Yes,Yes,No,No,No,No,No,Some Impact,High Impact,Some Impact,No Impact,High Impact,High Impact,High Impact,High Impact,High Impact,No Impact,Some Impact,No Impact,No Impact,No Impact,High Impact,No Impact,CIS Game Development Option,First Choice,0.0,Man,Hispanic or Latino;Asian,18 and younger
2024/09/11 2:21:39 PM AST,CMP 128 Computer Science I,No,No,No,No,Yes,No,Yes,Yes,No,No,No,No,No,No,Not Applicable,Some Impact,Some Impact,Some Impact,No Impact,No Impact,Some Impact,Not Applicable,Some Impact,No Impact,No Impact,No Impact,No Impact,No Impact,High Impact,No Impact,Computer Science,First Choice,0.0,Man,White/Caucasian,18 and younger
2024/09/11 2:24:14 PM AST,CMP 128 Computer Science I,No,No,No,Yes,No,No,No,No,No,No,No,No,No,No,High Impact,High Impact,No Impact,No Impact,No Impact,No Impact,No Impact,No Impact,No Impact,No Impact,No Impact,No Impact,High Impact,No Impact,Some Impact,No Impact,Computer Science,Science,0.0,Man,White/Caucasian,19-20
2024/09/11 4:09:16 PM AST,CMP 128 Computer Science I,Yes,Yes,Yes,Yes,Yes,Don't recall,Don't recall,Yes,Don't recall,Don't recall,Don't recall,No,No,No,Some Impact,Some Impact,Some Impact,Some Impact,Not Applicable,Some Impact,Some Impact,Some Impact,Some Impact,No Impact,Some Impact,Not Applicable,Not Applicable,Some Impact,High Impact,Not Applicable,Information Technology,First Choice,0.0,Man,Asian,19-20
2024/09/11 4:59:16 PM AST,CMP 131 Fundamentals of Programming (Python),No,No,No,No,No,No,No,No,No,No,No,No,No,Yes,Some Impact,Some Impact,High Impact,Some Impact,No Impact,Some Impact,Some Impact,No Impact,No Impact,No Impact,No Impact,No Impact,No Impact,No Impact,No Impact,No Impact,Non Degree seeking,Non-Major,4.0,Man,White/Caucasian,25-34
2024/09/11 6:42:01 PM AST,CMP 131 Fundamentals of Programming (Python),Don't recall,Don't recall,Don't recall,Don't recall,Don't recall,Don't recall,Don't recall,Yes,Don't recall,Don't recall,Don't recall,Don't recall,Don't recall,Don't recall,Some Impact,Some Impact,Some Impact,Some Impact,Some Impact,Some Impact,Some Impact,Not Applicable,Not Applicable,Not Applicable,Not Applicable,Not Applicable,Not Applicable,Not Applicable,Some Impact,Not Applicable,Data Science,Non-Major,5.0,Man,White/Caucasian,18 and younger
2024/09/12 10:38:36 AM AST,CMP 128 Computer Science I,Yes,No,No,No,No,No,No,No,No,No,No,No,No,No,No Impact,No Impact,No Impact,Some Impact,High Impact,High Impact,High Impact,High Impact,High Impact,High Impact,High Impact,High Impact,High Impact,High Impact,High Impact,High Impact,Computer Science,LIberal Arts,0.0,Man,Black/African American,18 and younger
2024/09/12 10:38:38 AM AST,CMP 128 Computer Science I,No,No,No,No,No,No,No,No,No,No,No,No,No,Yes,High Impact,Some Impact,No Impact,No Impact,No Impact,No Impact,Some Impact,No Impact,No Impact,No Impact,No Impact,No Impact,No Impact,No Impact,High Impact,No Impact,Business,Non-Major,3.0,Man,White/Caucasian,21-24
2024/09/12 10:38:40 AM AST,CMP 128 Computer Science I,Yes,No,No,Yes,No,Yes,No,No,No,No,No,No,No,No,High Impact,High Impact,High Impact,High Impact,No Impact,No Impact,No Impact,High Impact,High Impact,Some Impact,High Impact,No Impact,No Impact,No Impact,High Impact,No Impact,Computer Science,First Choice,0.0,Man,Hispanic or Latino,19-20
2024/09/12 10:39:06 AM AST,CMP 128 Computer Science I,Yes,No,No,No,No,No,No,No,No,No,No,No,No,Yes,No Impact,No Impact,No Impact,No Impact,No Impact,No Impact,No Impact,Some Impact,Some Impact,No Impact,No Impact,No Impact,Not Applicable,Not Applicable,No Impact,Not Applicable,Computer Science,First Choice,0.0,Woman,Hispanic or Latino,25-34
2024/09/12 10:39:09 AM AST,CMP 128 Computer Science I,No,No,No,Yes,No,No,No,Yes,No,No,No,No,No,No,High Impact,Some Impact,Some Impact,No Impact,No Impact,No Impact,Some Impact,High Impact,High Impact,No Impact,No Impact,No Impact,No Impact,No Impact,No Impact,No Impact,Computer Science,First Choice,0.0,Man,Hispanic or Latino;White/Caucasian,18 and younger
2024/09/12 10:39:12 AM AST,CMP 128 Computer Science I,Don't recall,Don't recall,Don't recall,Don't recall,Don't recall,Don't recall,Yes,Yes,Don't recall,Don't recall,Don't recall,Don't recall,Don't recall,Don't recall,Not Applicable,Not Applicable,Not Applicable,Not Applicable,Not Applicable,Not Applicable,Not Applicable,Not Applicable,Not Applicable,Not Applicable,Not Applicable,Not Applicable,Not Applicable,Not Applicable,Not Applicable,High Impact,High School,Non-Major,5.0,Man,American Indian/Native American/Alaska Native,18 and younger
2024/09/12 10:39:14 AM AST,CMP 128 Computer Science I,No,No,Yes,Yes,No,Yes,No,No,No,No,Yes,No,No,Don't recall,High Impact,High Impact,No Impact,No Impact,No Impact,No Impact,Some Impact,High Impact,No Impact,Some Impact,No Impact,No Impact,No Impact,No Impact,Some Impact,No Impact,Computer Science,Business,0.0,Man,Hispanic or Latino;White/Caucasian,19-20
2024/09/12 10:39:45 AM AST,CMP 128 Computer Science I,Yes,No,No,No,No,No,Yes,Yes,Yes,No,No,No,No,No,High Impact,High Impact,Some Impact,No Impact,No Impact,No Impact,No Impact,Some Impact,No Impact,No Impact,No Impact,No Impact,No Impact,No Impact,High Impact,No Impact,mechanical engineering,Non-Major,3.0,Man,White/Caucasian,19-20
2024/09/12 10:40:58 AM AST,CMP 128 Computer Science I,No,No,No,Yes,Yes,Yes,Yes,No,No,No,No,No,No,No,High Impact,No Impact,High Impact,No Impact,No Impact,No Impact,High Impact,Some Impact,No Impact,No Impact,No Impact,No Impact,No Impact,No Impact,High Impact,No Impact,Information Technology,First Choice,0.0,Man,Choose not to reply,19-20
2024/09/12 10:41:41 AM AST,CMP 128 Computer Science I,No,No,No,Yes,No,No,No,Yes,No,No,No,No,No,No,High Impact,Some Impact,No Impact,No Impact,Some Impact,No Impact,No Impact,No Impact,No Impact,No Impact,No Impact,No Impact,No Impact,No Impact,No Impact,No Impact,Computer Science,First Choice,0.0,Man,White/Caucasian,18 and younger
2024/09/12 10:41:58 AM AST,CMP 128 Computer Science I,Yes,Yes,Yes,No,Yes,No,No,No,No,No,No,No,No,Yes,High Impact,High Impact,Some Impact,No Impact,No Impact,No Impact,No Impact,High Impact,High Impact,High Impact,No Impact,Not Applicable,Not Applicable,Not Applicable,High Impact,High Impact,Computer Science,First Choice,0.0,Woman,Hispanic or Latino,18 and younger
2024/09/12 10:42:36 AM AST,CMP 128 Computer Science I,No,No,No,Yes,Yes,No,Yes,Yes,No,No,No,No,No,No,High Impact,High Impact,Some Impact,Some Impact,High Impact,Some Impact,High Impact,Some Impact,Some Impact,Some Impact,Some Impact,High Impact,Not Applicable,Not Applicable,High Impact,Not Applicable,Mechanical Engineering,Non-Major,4.0,Man,Multi-Racial,18 and younger
2024/09/12 10:43:34 AM AST,CMP 128 Computer Science I,Yes,No,Yes,Yes,No,Yes,No,Yes,No,No,No,No,No,No,Some Impact,High Impact,Some Impact,No Impact,High Impact,No Impact,No Impact,High Impact,No Impact,Some Impact,No Impact,No Impact,No Impact,No Impact,No Impact,No Impact,Fire Science Technology,Non-Major,1.0,Man,White/Caucasian,19-20
2024/09/12 11:28:27 AM AST,CMP 120 Foundations of Information Security,No,No,No,Yes,No,No,Yes,No,No,No,No,No,No,No,High Impact,High Impact,High Impact,High Impact,High Impact,Some Impact,No Impact,No Impact,No Impact,No Impact,No Impact,No Impact,No Impact,No Impact,Some Impact,No Impact,Information Technology,First Choice,0.0,Man,Choose not to reply,19-20
2024/09/12 11:28:58 AM AST,CMP 120 Foundations of Information Security,No,No,No,Yes,No,No,No,No,No,No,No,No,No,No,Some Impact,High Impact,High Impact,Some Impact,Some Impact,No Impact,Some Impact,No Impact,Some Impact,High Impact,Some Impact,High Impact,High Impact,No Impact,High Impact,No Impact,Undecided,Non-Major,4.0,Man,Hispanic or Latino,19-20
2024/09/12 11:29:09 AM AST,CMP 120 Foundations of Information Security,Yes,Yes,Yes,Yes,No,No,Yes,Yes,No,No,No,No,No,No,High Impact,High Impact,Some Impact,Some Impact,Some Impact,Some Impact,Some Impact,Some Impact,Some Impact,Some Impact,No Impact,No Impact,No Impact,No Impact,High Impact,No Impact,Information Technology,Biology,0.0,Man,White/Caucasian,19-20
2024/09/12 11:29:33 AM AST,CMP 130 Intro to IT,No,No,No,No,No,No,No,Yes,No,No,No,No,No,No,High Impact,High Impact,High Impact,No Impact,No Impact,No Impact,Some Impact,High Impact,No Impact,No Impact,No Impact,No Impact,No Impact,No Impact,No Impact,No Impact,Information Security Certificate of Achievement,First Choice,0.0,Man,Hispanic or Latino,18 and younger
2024/09/12 11:29:50 AM AST,CMP 120 Foundations of Information Security,No,No,No,Yes,Yes,No,Yes,Yes,No,No,No,No,No,No,High Impact,High Impact,High Impact,High Impact,Some Impact,Some Impact,High Impact,Some Impact,No Impact,Some Impact,Some Impact,High Impact,No Impact,No Impact,High Impact,No Impact,Information Security Certificate of Achievement,Exercise Science,0.0,Man,White/Caucasian,18 and younger
2024/09/12 11:30:23 AM AST,CMP 120 Foundations of Information Security,Yes,Yes,No,Yes,Yes,Yes,No,Yes,No,No,No,No,No,No,High Impact,No Impact,High Impact,Some Impact,High Impact,Some Impact,High Impact,No Impact,High Impact,High Impact,No Impact,No Impact,No Impact,No Impact,High Impact,No Impact,Information Technology,First Choice,0.0,Woman,Hispanic or Latino;White/Caucasian,19-20
2024/09/12 11:30:59 AM AST,CMP 120 Foundations of Information Security,Yes,No,No,Yes,Yes,No,No,No,No,No,No,No,No,Yes,Some Impact,High Impact,High Impact,Some Impact,Some Impact,Some Impact,Some Impact,Some Impact,Some Impact,High Impact,Some Impact,High Impact,No Impact,No Impact,Some Impact,No Impact,Information Technology,First Choice,0.0,Man,Black/African American,35-64
2024/09/12 11:31:25 AM AST,CMP 120 Foundations of Information Security,Yes,Yes,No,Yes,No,No,No,No,No,No,No,No,No,No,Some Impact,Some Impact,Some Impact,No Impact,Some Impact,No Impact,No Impact,Some Impact,Some Impact,No Impact,No Impact,No Impact,No Impact,No Impact,No Impact,No Impact,Information Security Certificate of Achievement,Art,0.0,Man,Black/African American,19-20
2024/09/12 11:32:36 AM AST,CMP 120 Foundations of Information Security,No,Don't recall,Don't recall,Yes,No,No,No,Yes,Don't recall,No,No,No,No,No,No Impact,High Impact,High Impact,No Impact,Some Impact,No Impact,Some Impact,No Impact,No Impact,Some Impact,Some Impact,Not Applicable,Not Applicable,Not Applicable,High Impact,Some Impact,business,Non-Major,3.0,Man,White/Caucasian,19-20
2024/09/12 11:34:40 AM AST,CMP 120 Foundations of Information Security,No,No,No,Yes,No,No,No,No,No,No,No,No,No,No,High Impact,High Impact,No Impact,No Impact,High Impact,No Impact,No Impact,High Impact,Not Applicable,Some Impact,No Impact,No Impact,No Impact,Not Applicable,High Impact,Not Applicable,Information Technology,First Choice,0.0,Man,Choose not to reply,21-24
2024/09/12 12:35:40 PM AST,CMP 120 Foundations of Information Security,No,No,Yes,Yes,No,Yes,Yes,Yes,No,No,No,No,No,No,High Impact,High Impact,Some Impact,No Impact,Some Impact,No Impact,Some Impact,High Impact,No Impact,No Impact,No Impact,No Impact,No Impact,No Impact,High Impact,No Impact,Information Technology,First Choice,0.0,Man,Hispanic or Latino;White/Caucasian,19-20
2024/09/12 2:05:37 PM AST,CMP 131 Fundamentals of Programming (Python),No,Yes,No,Yes,No,Yes,No,No,No,No,Yes,Yes,No,No,High Impact,High Impact,High Impact,High Impact,High Impact,Not Applicable,High Impact,Not Applicable,Not Applicable,Some Impact,Not Applicable,High Impact,Not Applicable,Not Applicable,High Impact,Not Applicable,Information Technology,Science,0.0,Man,Hispanic or Latino,35-64
2024/09/12 2:06:08 PM AST,CMP 131 Fundamentals of Programming (Python),No,No,No,Yes,Yes,No,No,No,No,Yes,No,No,No,No,High Impact,High Impact,Some Impact,No Impact,High Impact,No Impact,No Impact,No Impact,No Impact,Some Impact,No Impact,High Impact,Some Impact,No Impact,Some Impact,No Impact,Computer Science,Engineering,0.0,Man,White/Caucasian,21-24
2024/09/12 2:08:08 PM AST,CMP 131 Fundamentals of Programming (Python),Yes,Yes,No,Yes,No,No,No,No,Yes,No,Yes,Yes,No,No,High Impact,High Impact,High Impact,High Impact,Some Impact,High Impact,High Impact,High Impact,High Impact,High Impact,Some Impact,High Impact,High Impact,Some Impact,High Impact,Some Impact,Information Technology,First Choice,0.0,Woman,Hispanic or Latino,21-24
2024/09/12 2:08:34 PM AST,CMP 131 Fundamentals of Programming (Python),Yes,No,No,Yes,No,No,No,No,No,No,No,No,No,No,Some Impact,Some Impact,High Impact,High Impact,High Impact,No Impact,High Impact,No Impact,No Impact,No Impact,No Impact,No Impact,No Impact,No Impact,No Impact,No Impact,Data Analytics Certificate of Achievement,First Choice,0.0,Woman,Black/African American,25-34
2024/09/12 2:09:05 PM AST,CMP 131 Fundamentals of Programming (Python),Yes,Yes,No,Yes,Yes,Yes,Yes,Yes,No,No,Yes,No,No,No,High Impact,High Impact,High Impact,High Impact,No Impact,No Impact,High Impact,High Impact,High Impact,High Impact,Some Impact,High Impact,Some Impact,No Impact,High Impact,No Impact,Computer Science,First Choice,0.0,Man,White/Caucasian,25-34
2024/09/12 2:10:35 PM AST,CMP 131 Fundamentals of Programming (Python),Yes,Yes,Yes,Yes,Yes,Yes,Yes,Yes,No,No,No,No,No,No,High Impact,High Impact,High Impact,High Impact,High Impact,Some Impact,High Impact,Not Applicable,Not Applicable,Not Applicable,Not Applicable,Not Applicable,Not Applicable,Not Applicable,High Impact,No Impact,Information Technology,First Choice,0.0,Man,Asian,19-20
2024/09/12 2:25:45 PM AST,CMP 128 Computer Science I,No,No,No,Yes,No,No,Yes,Yes,No,No,No,No,No,No,High Impact,High Impact,Some Impact,High Impact,Some Impact,No Impact,Some Impact,Some Impact,Some Impact,No Impact,Some Impact,High Impact,High Impact,No Impact,High Impact,No Impact,Computer Science,LIberal Arts,0.0,Woman,White/Caucasian,21-24
2024/09/12 3:53:36 PM AST,CMP 128 Computer Science I,Yes,No,Yes,Yes,No,No,Yes,Yes,Don't recall,Don't recall,Don't recall,Don't recall,Don't recall,Don't recall,High Impact,High Impact,High Impact,Not Applicable,High Impact,Not Applicable,High Impact,Not Applicable,Not Applicable,Some Impact,High Impact,Not Applicable,Not Applicable,Not Applicable,High Impact,Not Applicable,Computer Science,First Choice,0.0,Woman,Asian,18 and younger
2024/09/12 5:11:15 PM AST,CMP 128 Computer Science I,Yes,No,No,Yes,Yes,No,Yes,Yes,No,No,No,No,No,No,Some Impact,Some Impact,Some Impact,No Impact,High Impact,No Impact,High Impact,Some Impact,Some Impact,No Impact,No Impact,Some Impact,No Impact,No Impact,High Impact,High Impact,Challenger Program,iâ€™m a senior in high school,0.0,Man,White/Caucasian,18 and younger
2024/09/12 6:28:39 PM AST,CMP 128 Computer Science I,Yes,Yes,Yes,Yes,Yes,Yes,Yes,No,No,No,Yes,No,No,No,High Impact,High Impact,Some Impact,Some Impact,High Impact,Some Impact,Some Impact,High Impact,High Impact,High Impact,Some Impact,No Impact,No Impact,No Impact,High Impact,No Impact,Chemistry,Non-Major,4.0,Woman,Asian,19-20
2024/09/12 8:50:38 PM AST,CMP 128 Computer Science I,No,No,No,Yes,No,No,Yes,Yes,No,No,No,No,No,No,High Impact,High Impact,Some Impact,No Impact,Some Impact,No Impact,No Impact,Some Impact,Some Impact,High Impact,Some Impact,High Impact,Not Applicable,No Impact,High Impact,Not Applicable,Graphic Design,Non-Major,5.0,Woman,Hispanic or Latino,18 and younger
2024/09/12 9:22:30 PM AST,CMP 239 Internet & Web Page Design,Don't recall,Don't recall,Don't recall,Don't recall,Don't recall,Don't recall,Don't recall,Don't recall,Don't recall,Don't recall,Don't recall,Don't recall,Don't recall,Yes,Some Impact,Some Impact,High Impact,Not Applicable,Not Applicable,Not Applicable,Not Applicable,Not Applicable,Not Applicable,Some Impact,Not Applicable,High Impact,Some Impact,Not Applicable,Some Impact,Not Applicable,Digital Media Technology,First Choice,0.0,Man,White/Caucasian,21-24
2024/09/12 9:22:34 PM AST,CMP 239 Internet & Web Page Design,Yes,No,No,Yes,No,No,No,No,No,No,No,No,No,No,Some Impact,Some Impact,Some Impact,Some Impact,Some Impact,Some Impact,Some Impact,Some Impact,Some Impact,Some Impact,Some Impact,Some Impact,Some Impact,Some Impact,Some Impact,Some Impact,business,Non-Major,2.0,Man,White/Caucasian,35-64
2024/09/12 9:22:44 PM AST,CMP 239 Internet & Web Page Design,No,No,No,Yes,No,Yes,No,No,No,No,No,No,No,No,Some Impact,No Impact,Some Impact,No Impact,High Impact,No Impact,No Impact,No Impact,No Impact,No Impact,No Impact,No Impact,No Impact,No Impact,High Impact,No Impact,Business ,Non-Major,1.0,Man,White/Caucasian,21-24
2024/09/12 9:23:18 PM AST,CMP 239 Internet & Web Page Design,No,No,No,Yes,Yes,No,No,No,No,No,No,No,No,No,Some Impact,High Impact,No Impact,Some Impact,Some Impact,Some Impact,Some Impact,No Impact,No Impact,High Impact,Some Impact,Not Applicable,Not Applicable,Not Applicable,Not Applicable,Not Applicable,business administration,Non-Major,4.0,Woman,Hispanic or Latino,21-24
2024/09/12 9:23:56 PM AST,CMP 239 Internet & Web Page Design,No,No,No,No,Yes,Yes,No,No,No,No,No,No,No,No,High Impact,High Impact,High Impact,No Impact,High Impact,Some Impact,Some Impact,Some Impact,No Impact,Some Impact,Some Impact,Some Impact,High Impact,Some Impact,High Impact,No Impact,graphic arts,Non-Major,4.0,Prefer not to say,American Indian/Native American/Alaska Native,21-24
2024/09/12 9:24:17 PM AST,CMP 239 Internet & Web Page Design,No,No,No,Yes,No,No,No,No,No,No,No,No,No,No,Some Impact,Some Impact,Some Impact,No Impact,High Impact,No Impact,Some Impact,Some Impact,Some Impact,No Impact,No Impact,Not Applicable,Not Applicable,Not Applicable,Some Impact,No Impact,Digital Media Technology,Journalism,0.0,Man,White/Caucasian,21-24
2024/09/12 9:24:28 PM AST,CMP 239 Internet & Web Page Design,Yes,Don't recall,Don't recall,Yes,Yes,Don't recall,Yes,Yes,Don't recall,Don't recall,Don't recall,Don't recall,Don't recall,Don't recall,High Impact,High Impact,High Impact,High Impact,Not Applicable,Not Applicable,High Impact,High Impact,High Impact,Not Applicable,High Impact,High Impact,Not Applicable,Not Applicable,Not Applicable,Not Applicable,Undecided,Non-Major,5.0,Man,Hispanic or Latino,19-20
2024/09/13 8:24:16 AM AST,CMP 120 Foundations of Information Security,No,No,Yes,Yes,Yes,No,No,Yes,No,No,No,No,No,No,Some Impact,No Impact,High Impact,Some Impact,High Impact,Some Impact,High Impact,No Impact,High Impact,No Impact,Some Impact,High Impact,Not Applicable,Not Applicable,High Impact,High Impact,Information Technology,Engineering,0.0,Man,Asian,18 and younger
2024/09/13 8:24:30 AM AST,CMP 120 Foundations of Information Security,No,No,No,No,No,No,No,Yes,No,No,No,No,No,No,No Impact,No Impact,High Impact,No Impact,Some Impact,No Impact,No Impact,No Impact,Some Impact,Some Impact,Some Impact,No Impact,No Impact,No Impact,High Impact,High Impact,Undecided,Non-Major,4.0,Man,White/Caucasian,18 and younger
2024/09/13 8:25:50 AM AST,CMP 120 Foundations of Information Security,No,No,No,Yes,No,No,No,No,No,No,No,No,No,No,Some Impact,No Impact,High Impact,Not Applicable,High Impact,Not Applicable,Not Applicable,Not Applicable,High Impact,Not Applicable,Not Applicable,High Impact,Not Applicable,Not Applicable,High Impact,High Impact,cybersecurity,Non-Major,4.0,Man,Asian,18 and younger
2024/09/13 8:26:08 AM AST,CMP 120 Foundations of Information Security,No,No,Don't recall,Yes,No,No,No,Yes,No,No,No,No,No,No,Some Impact,No Impact,Some Impact,Some Impact,No Impact,No Impact,High Impact,Some Impact,Some Impact,No Impact,Some Impact,High Impact,No Impact,No Impact,No Impact,High Impact,Information Security Certificate of Achievement,Physical Therapy,0.0,Man,American Indian/Native American/Alaska Native,18 and younger
2024/09/13 8:27:30 AM AST,CMP 120 Foundations of Information Security,Don't recall,Don't recall,Yes,Don't recall,Don't recall,Don't recall,Don't recall,Yes,Don't recall,Don't recall,Don't recall,Don't recall,Don't recall,Don't recall,No Impact,No Impact,High Impact,No Impact,No Impact,No Impact,No Impact,No Impact,High Impact,High Impact,No Impact,No Impact,No Impact,No Impact,High Impact,High Impact,Information Technology,Engineering,0.0,Woman,Hispanic or Latino,18 and younger
2024/09/13 8:27:37 AM AST,CMP 120 Foundations of Information Security,No,No,No,Yes,No,No,No,No,No,No,No,No,No,No,Some Impact,Some Impact,High Impact,No Impact,High Impact,No Impact,No Impact,No Impact,High Impact,Some Impact,High Impact,No Impact,No Impact,No Impact,High Impact,High Impact,Information Technology,First Choice,0.0,Woman,Hispanic or Latino,18 and younger
2024/09/13 8:27:54 AM AST,CMP 120 Foundations of Information Security,Don't recall,No,No,Yes,Yes,No,No,No,No,No,No,No,No,No,No Impact,Some Impact,Some Impact,No Impact,Some Impact,Some Impact,No Impact,No Impact,No Impact,No Impact,No Impact,No Impact,No Impact,No Impact,High Impact,High Impact,Information Technology,I did not change to any other major.,0.0,Man,White/Caucasian,18 and younger
2024/09/13 8:28:23 AM AST,CMP 131 Fundamentals of Programming (Python),No,No,No,No,No,No,No,Yes,No,No,No,No,No,No,No Impact,No Impact,High Impact,No Impact,No Impact,No Impact,Some Impact,No Impact,No Impact,No Impact,Some Impact,No Impact,No Impact,No Impact,No Impact,No Impact,Information Security Certificate of Achievement,First Choice,0.0,Man,Hispanic or Latino;Black/African American;White/Caucasian,18 and younger
2024/09/13 8:28:33 AM AST,CMP 131 Fundamentals of Programming (Python),No,No,No,No,No,No,No,Yes,No,No,No,No,No,No,High Impact,No Impact,High Impact,No Impact,No Impact,No Impact,No Impact,High Impact,High Impact,No Impact,Some Impact,No Impact,No Impact,No Impact,High Impact,High Impact,Information Security Certificate of Achievement,First Choice,0.0,Man,Asian,18 and younger
2024/09/13 8:28:49 AM AST,CMP 120 Foundations of Information Security,No,No,No,Yes,No,Yes,No,No,No,No,No,No,No,No,High Impact,Some Impact,High Impact,Some Impact,Some Impact,No Impact,High Impact,High Impact,High Impact,No Impact,High Impact,High Impact,No Impact,No Impact,High Impact,High Impact,Information Technology,Major didn't change,0.0,Woman,Black/African American,18 and younger
2024/09/13 8:30:03 AM AST,CMP 120 Foundations of Information Security,No,No,No,Yes,No,No,Yes,Yes,No,No,No,No,No,No,No Impact,No Impact,Some Impact,No Impact,Some Impact,No Impact,No Impact,No Impact,Some Impact,No Impact,No Impact,Some Impact,No Impact,No Impact,No Impact,Some Impact,Information Security Certificate of Achievement,Science,0.0,Man,Multi-Racial,18 and younger
2024/09/13 8:31:04 AM AST,CMP 120 Foundations of Information Security,No,No,No,Yes,Yes,No,Yes,Yes,No,No,No,No,No,No,High Impact,High Impact,High Impact,Some Impact,High Impact,No Impact,High Impact,High Impact,Some Impact,No Impact,High Impact,High Impact,Some Impact,No Impact,High Impact,High Impact,Computer Science,Engineering,0.0,Man,Hispanic or Latino,18 and younger
2024/09/13 8:31:34 AM AST,CMP 131 Fundamentals of Programming (Python),Yes,No,Don't recall,No,Yes,No,Don't recall,No,Yes,No,Don't recall,No,Yes,No,High Impact,Not Applicable,High Impact,Some Impact,No Impact,Some Impact,High Impact,Not Applicable,High Impact,Some Impact,No Impact,Some Impact,High Impact,Not Applicable,High Impact,Some Impact,Information Security Certificate of Achievement,Engineering,0.0,Man,Hispanic or Latino;Black/African American,65+
2024/09/13 8:35:26 AM AST,CMP 120 Foundations of Information Security,No,No,No,Yes,No,No,No,No,No,No,No,No,No,No,Some Impact,No Impact,Some Impact,No Impact,Some Impact,No Impact,No Impact,No Impact,Some Impact,Some Impact,No Impact,Some Impact,No Impact,No Impact,Some Impact,Some Impact,Information Technology,First Choice,0.0,Woman,Asian,18 and younger
2024/09/13 11:57:44 AM AST,CMP 131 Fundamentals of Programming (Python),Yes,Don't recall,Don't recall,Yes,No,No,Yes,Yes,No,No,No,No,No,No,High Impact,High Impact,Some Impact,Some Impact,Some Impact,No Impact,Some Impact,No Impact,No Impact,Some Impact,No Impact,High Impact,Some Impact,No Impact,Some Impact,High Impact,Data Analytics Certificate of Achievement,Science,0.0,Man,White/Caucasian,19-20
2024/09/13 11:58:18 AM AST,CMP 131 Fundamentals of Programming (Python),No,No,No,Yes,Yes,No,Yes,Yes,No,No,No,No,No,No,High Impact,High Impact,Some Impact,Some Impact,High Impact,Not Applicable,High Impact,Some Impact,Some Impact,No Impact,No Impact,Not Applicable,Not Applicable,Not Applicable,High Impact,High Impact,Computer Science,Non-Major,0.0,Man,Hispanic or Latino,19-20
2024/09/13 11:58:25 AM AST,CMP 131 Fundamentals of Programming (Python),Yes,No,Yes,Yes,Yes,Yes,Yes,Yes,Yes,Yes,No,No,No,Yes,High Impact,High Impact,Some Impact,Some Impact,Some Impact,Some Impact,High Impact,No Impact,No Impact,No Impact,No Impact,No Impact,No Impact,No Impact,High Impact,No Impact,Business Administration ,Non-Major,5.0,Man,White/Caucasian,21-24
2024/09/13 11:58:49 AM AST,CMP 131 Fundamentals of Programming (Python),Yes,No,No,Yes,No,No,Yes,Yes,No,No,No,No,No,No,No Impact,No Impact,High Impact,High Impact,No Impact,No Impact,High Impact,No Impact,No Impact,High Impact,No Impact,No Impact,No Impact,No Impact,High Impact,No Impact,Computer Science,First Choice,0.0,Man,Multi-Racial,25-34
2024/09/13 11:58:53 AM AST,CMP 131 Fundamentals of Programming (Python),Yes,No,No,Yes,Yes,No,No,No,No,No,No,No,No,No,No Impact,Some Impact,High Impact,High Impact,High Impact,No Impact,Some Impact,No Impact,No Impact,No Impact,No Impact,High Impact,No Impact,No Impact,High Impact,No Impact,Information Technology,First Choice,0.0,Man,Hispanic or Latino,25-34
2024/09/13 11:59:02 AM AST,CMP 131 Fundamentals of Programming (Python),Yes,Yes,Yes,Yes,Yes,Yes,Yes,Yes,Don't recall,Don't recall,Don't recall,Don't recall,Don't recall,Don't recall,High Impact,High Impact,High Impact,High Impact,No Impact,Some Impact,High Impact,No Impact,No Impact,Some Impact,Some Impact,Not Applicable,High Impact,No Impact,Some Impact,No Impact,data science,Non-Major,4.0,Man,White/Caucasian,19-20
2024/09/13 11:59:09 AM AST,CMP 131 Fundamentals of Programming (Python),Yes,Don't recall,Don't recall,Don't recall,Don't recall,Don't recall,Don't recall,Don't recall,Don't recall,Don't recall,Don't recall,Don't recall,Don't recall,Don't recall,High Impact,High Impact,High Impact,High Impact,Not Applicable,Not Applicable,Not Applicable,High Impact,High Impact,Not Applicable,Not Applicable,Not Applicable,Not Applicable,Not Applicable,High Impact,Not Applicable,Data Analytics Certificate of Achievement,First Choice,0.0,Woman,Black/African American,35-64
2024/09/13 11:59:13 AM AST,CMP 131 Fundamentals of Programming (Python),Don't recall,Don't recall,Don't recall,Don't recall,Yes,Don't recall,Yes,Yes,Don't recall,Don't recall,Don't recall,Don't recall,Don't recall,Don't recall,High Impact,High Impact,High Impact,High Impact,High Impact,High Impact,Some Impact,High Impact,High Impact,Some Impact,Some Impact,Some Impact,Some Impact,No Impact,Some Impact,Some Impact,Computer Science,First Choice,0.0,Man,Hispanic or Latino,19-20
2024/09/13 11:59:21 AM AST,CMP 131 Fundamentals of Programming (Python),Yes,Yes,Yes,Yes,Yes,No,No,No,No,No,Yes,No,No,Don't recall,High Impact,High Impact,Some Impact,No Impact,Some Impact,Some Impact,No Impact,High Impact,Some Impact,High Impact,Some Impact,Not Applicable,Not Applicable,Not Applicable,High Impact,Not Applicable,Computer Science (Data Science Option),Non-Major,5.0,Man,Hispanic or Latino,18 and younger
2024/09/13 11:59:40 AM AST,CMP 131 Fundamentals of Programming (Python),Yes,No,No,Yes,No,Yes,No,Yes,No,No,No,No,No,No,High Impact,High Impact,High Impact,High Impact,Some Impact,No Impact,High Impact,High Impact,Not Applicable,Some Impact,Some Impact,Not Applicable,High Impact,Not Applicable,High Impact,Not Applicable,Computer Science,First Choice,0.0,Man,White/Caucasian,35-64
2024/09/13 11:59:56 AM AST,CMP 131 Fundamentals of Programming (Python),No,No,Yes,Yes,Yes,No,Yes,Yes,No,No,No,No,No,No,High Impact,High Impact,Some Impact,Some Impact,No Impact,No Impact,Some Impact,Some Impact,No Impact,Some Impact,No Impact,No Impact,No Impact,No Impact,High Impact,No Impact,Computer Science,First Choice,0.0,Man,White/Caucasian,18 and younger
2024/09/13 12:00:22 PM AST,CMP 131 Fundamentals of Programming (Python),No,No,Yes,Yes,No,Yes,No,No,No,No,No,No,No,No,Some Impact,Some Impact,High Impact,High Impact,Some Impact,No Impact,Some Impact,No Impact,Some Impact,No Impact,Some Impact,High Impact,High Impact,No Impact,Some Impact,No Impact,Computer Science,First Choice,0.0,Man,White/Caucasian,19-20
2024/09/13 12:01:16 PM AST,CMP 131 Fundamentals of Programming (Python),No,No,Yes,Yes,Yes,Yes,Yes,Yes,No,No,No,No,No,Yes,High Impact,Some Impact,Some Impact,No Impact,No Impact,No Impact,No Impact,Some Impact,No Impact,No Impact,No Impact,Some Impact,Not Applicable,Not Applicable,High Impact,High Impact,CIS Game Development Option,First Choice,0.0,Man,Hispanic or Latino;Black/African American;Multi-Racial,18 and younger
2024/09/13 12:01:27 PM AST,CMP 131 Fundamentals of Programming (Python),No,Yes,No,Yes,No,No,Yes,Yes,No,No,No,No,No,No,High Impact,High Impact,Some Impact,Some Impact,High Impact,No Impact,High Impact,No Impact,No Impact,Some Impact,No Impact,No Impact,No Impact,No Impact,High Impact,No Impact,Communications,Non-Major,4.0,Man,White/Caucasian,19-20
2024/09/13 12:01:30 PM AST,CMP 131 Fundamentals of Programming (Python),Yes,Yes,Yes,Yes,Yes,No,Yes,Yes,No,No,No,No,No,No,Some Impact,Some Impact,High Impact,Some Impact,No Impact,Some Impact,High Impact,Some Impact,Some Impact,High Impact,High Impact,High Impact,No Impact,No Impact,High Impact,Not Applicable,MET,Non-Major,4.0,Man,Hispanic or Latino,25-34
2024/09/13 12:01:40 PM AST,CMP 131 Fundamentals of Programming (Python),Yes,No,No,Yes,Yes,Yes,Yes,No,No,No,Yes,No,No,No,High Impact,High Impact,High Impact,Some Impact,Some Impact,Some Impact,Some Impact,Some Impact,Some Impact,Some Impact,Some Impact,Not Applicable,Not Applicable,Some Impact,High Impact,Not Applicable,Computer Science,First Choice,0.0,Man,Hispanic or Latino;White/Caucasian,21-24
2024/09/13 12:04:49 PM AST,CMP 131 Fundamentals of Programming (Python),Yes,Yes,Yes,Yes,Don't recall,Don't recall,Don't recall,Don't recall,Don't recall,No,No,No,No,No,High Impact,High Impact,Some Impact,No Impact,Some Impact,No Impact,Some Impact,Some Impact,No Impact,Some Impact,No Impact,No Impact,No Impact,No Impact,No Impact,No Impact,Data science,Non-Major,4.0,Man,White/Caucasian,18 and younger
2024/09/13 12:04:51 PM AST,CMP 131 Fundamentals of Programming (Python),Yes,Yes,Yes,Yes,Don't recall,Don't recall,Don't recall,Don't recall,Don't recall,No,No,No,No,No,High Impact,High Impact,Some Impact,No Impact,Some Impact,No Impact,Some Impact,Some Impact,No Impact,Some Impact,No Impact,No Impact,No Impact,No Impact,No Impact,No Impact,Data science,Non-Major,4.0,Man,White/Caucasian,18 and younger
2024/09/13 12:04:55 PM AST,CMP 131 Fundamentals of Programming (Python),Yes,Yes,Yes,Yes,Don't recall,Don't recall,Don't recall,Don't recall,Don't recall,No,No,No,No,No,High Impact,High Impact,Some Impact,No Impact,Some Impact,No Impact,Some Impact,Some Impact,No Impact,Some Impact,No Impact,No Impact,No Impact,No Impact,No Impact,No Impact,Data science,Non-Major,4.0,Man,White/Caucasian,18 and younger
2024/09/13 3:43:58 PM AST,CMP 130 Intro to IT,Yes,No,Yes,Yes,Yes,No,Yes,No,No,No,No,No,No,No,High Impact,High Impact,Some Impact,Some Impact,No Impact,No Impact,Some Impact,Some Impact,High Impact,High Impact,No Impact,No Impact,No Impact,No Impact,High Impact,No Impact,Computer Science,First Choice,0.0,Prefer not to say,Asian,19-20
2024/09/14 7:27:21 PM AST,CMP 128 Computer Science I,No,No,No,Yes,No,No,No,No,No,No,No,No,No,No,High Impact,High Impact,Some Impact,No Impact,High Impact,No Impact,High Impact,No Impact,No Impact,No Impact,No Impact,No Impact,No Impact,No Impact,High Impact,No Impact,Computer Science,First Choice,0.0,Woman,White/Caucasian,19-20
2024/09/15 10:47:24 AM AST,CMP 130 Intro to IT,Yes,No,No,Yes,Don't recall,No,Yes,Yes,No,No,No,No,No,Don't recall,High Impact,Some Impact,Some Impact,No Impact,High Impact,Some Impact,Some Impact,Some Impact,No Impact,High Impact,No Impact,No Impact,No Impact,No Impact,High Impact,No Impact,Undecided,Non-Major,3.0,Man,Choose not to reply,18 and younger
2024/09/15 6:57:51 PM AST,CMP 239 Internet & Web Page Design,Yes,Yes,No,Yes,Yes,Yes,Yes,Yes,No,No,No,No,No,Don't recall,High Impact,High Impact,High Impact,High Impact,No Impact,Some Impact,High Impact,High Impact,Not Applicable,Some Impact,High Impact,High Impact,High Impact,Not Applicable,High Impact,Not Applicable,Information Technology,I have a bachelors in Criminal Justice and came back to add an IT AS and cybersecurity certificate,0.0,Woman,White/Caucasian,21-24
2024/09/15 7:04:13 PM AST,CMP 239 Internet & Web Page Design,Yes,No,Yes,Yes,No,No,No,Yes,No,No,No,No,No,Don't recall,High Impact,Some Impact,High Impact,High Impact,Not Applicable,Not Applicable,Some Impact,High Impact,Not Applicable,Some Impact,High Impact,High Impact,No Impact,Not Applicable,High Impact,Not Applicable,Information Technology & Info Security Certificate,Non-Major,4.0,Woman,White/Caucasian,21-24
2024/09/15 9:42:15 PM AST,CMP 131 Fundamentals of Programming (Python),No,No,No,Yes,No,Yes,No,No,No,No,Yes,Yes,Yes,No,Some Impact,High Impact,High Impact,Some Impact,No Impact,No Impact,Some Impact,Some Impact,Some Impact,Some Impact,No Impact,No Impact,No Impact,No Impact,High Impact,No Impact,Engineering Science / Mechanical Engineering Technology,Non-Major,5.0,Man,White/Caucasian,35-64
2024/09/16 9:44:01 AM AST,CMP 128 Computer Science I,No,No,No,Yes,Yes,No,No,No,No,No,No,No,No,No,No Impact,No Impact,No Impact,No Impact,Some Impact,No Impact,No Impact,No Impact,No Impact,High Impact,No Impact,No Impact,No Impact,No Impact,No Impact,High Impact,Undecided,Non-Major,5.0,Man,White/Caucasian,18 and younger
2024/09/16 9:45:10 AM AST,CMP 128 Computer Science I,No,No,Yes,Yes,Yes,Yes,Yes,Yes,No,No,No,No,No,No,High Impact,High Impact,Some Impact,No Impact,High Impact,No Impact,Some Impact,High Impact,High Impact,Some Impact,High Impact,High Impact,High Impact,Some Impact,High Impact,No Impact,Mechanical Technology,Non-Major,3.0,Man,White/Caucasian,21-24
2024/09/16 9:45:28 AM AST,CMP 128 Computer Science I,No,No,No,Yes,No,No,No,Yes,No,No,No,No,No,No,High Impact,High Impact,Some Impact,No Impact,Some Impact,No Impact,Some Impact,Some Impact,Some Impact,No Impact,No Impact,No Impact,No Impact,No Impact,High Impact,No Impact,Computer Science,First Choice,0.0,Man,Hispanic or Latino,18 and younger
2024/09/16 9:45:40 AM AST,CMP 128 Computer Science I,Yes,No,No,Yes,No,No,No,No,No,No,No,No,No,No,High Impact,High Impact,Some Impact,Some Impact,Some Impact,High Impact,Some Impact,Some Impact,Some Impact,High Impact,Some Impact,High Impact,No Impact,Some Impact,High Impact,No Impact,Information Technology,First Choice,0.0,Man,White/Caucasian,21-24
2024/09/16 9:45:52 AM AST,CMP 128 Computer Science I,No,No,No,Yes,Yes,No,Yes,No,No,No,No,No,No,No,High Impact,Some Impact,No Impact,No Impact,Some Impact,No Impact,No Impact,Some Impact,Some Impact,No Impact,No Impact,No Impact,No Impact,No Impact,High Impact,No Impact,Computer Science,First Choice,0.0,Man,Hispanic or Latino;White/Caucasian,18 and younger
2024/09/16 9:46:57 AM AST,CMP 128 Computer Science I,No,No,No,No,No,No,No,No,No,No,No,No,No,No,No Impact,High Impact,Some Impact,High Impact,High Impact,High Impact,High Impact,High Impact,Some Impact,Some Impact,Some Impact,High Impact,Not Applicable,Not Applicable,Some Impact,Some Impact,Computer Science,First Choice,0.0,Woman,Asian,19-20
2024/09/16 9:47:12 AM AST,CMP 128 Computer Science I,Yes,No,No,Yes,No,No,No,Yes,No,No,No,No,No,No,Some Impact,Some Impact,High Impact,No Impact,No Impact,Some Impact,No Impact,Some Impact,No Impact,Some Impact,Some Impact,No Impact,Not Applicable,No Impact,Some Impact,No Impact,Mechanical Engineering,Non-Major,2.0,Man,White/Caucasian,18 and younger
2024/09/16 9:48:31 AM AST,CMP 128 Computer Science I,No,Don't recall,Yes,Yes,Yes,Don't recall,Yes,Yes,Don't recall,Don't recall,Don't recall,Don't recall,Don't recall,Don't recall,High Impact,High Impact,Some Impact,Some Impact,No Impact,Some Impact,Some Impact,Some Impact,No Impact,No Impact,High Impact,High Impact,No Impact,No Impact,High Impact,Some Impact,Mechanical Engineering Tech,Non-Major,3.0,Man,Asian;White/Caucasian,18 and younger
2024/09/16 9:48:48 AM AST,CMP 128 Computer Science I,Yes,No,No,Yes,Yes,No,Yes,Yes,No,No,No,No,No,No,High Impact,Some Impact,Some Impact,Some Impact,Some Impact,No Impact,Some Impact,Some Impact,No Impact,No Impact,No Impact,No Impact,No Impact,No Impact,High Impact,No Impact,Computer Science,First Choice,0.0,Man,Hispanic or Latino;White/Caucasian,18 and younger
2024/09/16 9:49:17 AM AST,CMP 128 Computer Science I,No,No,Yes,No,No,No,No,Yes,No,No,No,No,No,Don't recall,High Impact,Some Impact,High Impact,No Impact,No Impact,No Impact,No Impact,Some Impact,No Impact,No Impact,No Impact,No Impact,No Impact,No Impact,No Impact,No Impact,Associates of Fine Arts Concentration Architecture,Non-Major,3.0,Man,White/Caucasian,19-20
2024/09/16 9:49:23 AM AST,CMP 128 Computer Science I,No,No,No,Yes,No,No,Yes,No,No,No,No,No,No,No,High Impact,High Impact,No Impact,No Impact,Some Impact,No Impact,Some Impact,High Impact,No Impact,Some Impact,No Impact,No Impact,No Impact,No Impact,High Impact,No Impact,Computer Science,First Choice,0.0,Man,White/Caucasian,18 and younger
2024/09/16 9:50:10 AM AST,CMP 128 Computer Science I,Yes,No,No,Yes,No,No,No,No,No,No,No,No,No,No,Some Impact,Some Impact,High Impact,No Impact,Some Impact,No Impact,No Impact,No Impact,No Impact,No Impact,No Impact,Some Impact,No Impact,No Impact,High Impact,No Impact,Non Degree seeking,Non-Major,4.0,Man,Hispanic or Latino;Black/African American;White/Caucasian;Multi-Racial,19-20
2024/09/16 9:50:20 AM AST,CMP 128 Computer Science I,No,No,No,Yes,No,Yes,No,No,No,No,No,No,No,No,High Impact,No Impact,Some Impact,High Impact,Some Impact,Some Impact,No Impact,High Impact,Some Impact,Some Impact,No Impact,Not Applicable,Not Applicable,Not Applicable,High Impact,Not Applicable,Mechanical Engineering Technology,Non-Major,3.0,Man,Hispanic or Latino;White/Caucasian,18 and younger
2024/09/16 9:53:49 AM AST,CMP 128 Computer Science I,No,No,Yes,Yes,No,No,No,No,No,No,No,No,No,No,High Impact,High Impact,High Impact,No Impact,Some Impact,No Impact,Some Impact,High Impact,No Impact,Some Impact,No Impact,Not Applicable,Not Applicable,Not Applicable,High Impact,No Impact,Computer Science,First Choice,0.0,Man,White/Caucasian,18 and younger
2024/09/16 9:56:07 AM AST,CMP 128 Computer Science I,Yes,No,No,Yes,No,No,No,No,No,No,No,No,No,No,No Impact,Some Impact,High Impact,No Impact,Some Impact,No Impact,No Impact,No Impact,No Impact,No Impact,No Impact,High Impact,No Impact,No Impact,High Impact,No Impact,Non Degree seeking,Non-Major,4.0,Man,Hispanic or Latino;Black/African American;White/Caucasian;Multi-Racial,19-20
2024/09/16 9:56:22 AM AST,CMP 128 Computer Science I,No,No,No,Yes,No,Yes,No,No,No,No,No,No,No,No,High Impact,No Impact,High Impact,High Impact,Some Impact,Some Impact,No Impact,High Impact,No Impact,Some Impact,No Impact,Not Applicable,Not Applicable,Not Applicable,High Impact,Not Applicable,Mechanical Engineering Technology,Non-Major,3.0,Man,Hispanic or Latino;White/Caucasian,18 and younger
2024/09/16 9:58:01 AM AST,CMP 128 Computer Science I,No,No,No,No,Yes,No,Yes,Yes,No,No,No,No,No,No,High Impact,High Impact,Some Impact,Some Impact,Some Impact,High Impact,Some Impact,High Impact,Some Impact,Some Impact,Some Impact,Some Impact,Some Impact,Some Impact,Some Impact,Some Impact,Information Technology,First Choice,0.0,Man,Hispanic or Latino,19-20
2024/09/16 11:01:21 AM AST,CMP 128 Computer Science I,No,No,No,No,No,No,Don't recall,Don't recall,No,No,No,No,No,Yes,High Impact,Some Impact,No Impact,No Impact,No Impact,No Impact,No Impact,Some Impact,Some Impact,No Impact,Some Impact,Not Applicable,Not Applicable,Not Applicable,Some Impact,Not Applicable,Mechanical Engineering Technologist,Non-Major,3.0,Man,Hispanic or Latino;White/Caucasian,21-24
2024/09/16 12:44:50 PM AST,CMP 128 Computer Science I,Yes,No,No,Yes,Yes,No,No,No,No,Yes,Yes,No,No,No,High Impact,High Impact,High Impact,High Impact,No Impact,No Impact,Some Impact,High Impact,High Impact,No Impact,Some Impact,High Impact,No Impact,No Impact,High Impact,No Impact,Computer Science,Nursing/Radiology,0.0,Woman,Asian,25-34
2024/09/16 12:48:27 PM AST,CMP 128 Computer Science I,Yes,No,No,Yes,Yes,No,No,No,No,Yes,Yes,No,No,No,High Impact,High Impact,High Impact,High Impact,No Impact,No Impact,Some Impact,High Impact,High Impact,No Impact,No Impact,High Impact,No Impact,No Impact,High Impact,No Impact,Computer Science,Nursing/Radiology,0.0,Woman,Asian,25-34
2024/09/16 1:46:54 PM AST,CMP 128 Computer Science I,Yes,Yes,No,No,No,No,No,No,No,No,No,No,No,No,High Impact,No Impact,High Impact,High Impact,No Impact,No Impact,Some Impact,High Impact,High Impact,No Impact,No Impact,No Impact,No Impact,No Impact,No Impact,No Impact,Web Development Certificate of Achievement,First Choice,0.0,Man,Hispanic or Latino,19-20
2024/09/16 9:28:34 PM AST,CMP 128 Computer Science I,Yes,No,No,No,Yes,No,No,No,No,No,No,No,No,No,High Impact,High Impact,High Impact,High Impact,High Impact,High Impact,High Impact,High Impact,High Impact,High Impact,Some Impact,Some Impact,No Impact,No Impact,High Impact,No Impact,Information Technology,First Choice,0.0,Man,Hispanic or Latino;Black/African American;Multi-Racial,35-64
2024/09/16 9:31:32 PM AST,CMP 128 Computer Science I,Yes,Yes,No,Yes,No,No,No,No,No,No,No,No,No,No,High Impact,High Impact,High Impact,High Impact,High Impact,High Impact,High Impact,High Impact,High Impact,High Impact,Some Impact,High Impact,No Impact,No Impact,High Impact,No Impact,Information Technology,First Choice,0.0,Man,Hispanic or Latino;Black/African American;Multi-Racial,35-64
2024/09/17 10:06:33 AM AST,CMP 128 Computer Science I,Yes,Yes,Yes,Yes,Yes,Yes,No,No,No,Yes,Yes,Yes,Yes,Yes,High Impact,High Impact,High Impact,High Impact,High Impact,High Impact,High Impact,Some Impact,Some Impact,High Impact,High Impact,High Impact,Not Applicable,Not Applicable,High Impact,Not Applicable,Electrical Engineering w/ biomed option,Non-Major,4.0,Man,White/Caucasian,25-34
2024/09/19 10:24:59 PM AST,CMP 128 Computer Science I,Yes,No,No,No,No,No,Yes,Yes,No,No,No,Yes,No,No,Some Impact,High Impact,No Impact,No Impact,Some Impact,Some Impact,No Impact,High Impact,Some Impact,High Impact,No Impact,No Impact,No Impact,No Impact,No Impact,High Impact,CIS Game Development Option,First Choice,0.0,Man,White/Caucasian,19-20
2024/09/19 10:27:44 PM AST,CMP 128 Computer Science I,Yes,No,No,Yes,No,No,Yes,Yes,No,No,Yes,Yes,No,No,High Impact,Not Applicable,Not Applicable,Not Applicable,Not Applicable,Not Applicable,Not Applicable,High Impact,High Impact,High Impact,Not Applicable,Not Applicable,Not Applicable,Not Applicable,Not Applicable,Not Applicable,CIS Game Development Option,First Choice,0.0,Man,White/Caucasian,19-20
2024/09/21 4:14:33 PM AST,CMP 128 Computer Science I,No,No,No,Yes,Yes,Yes,No,No,No,No,No,No,No,No,No Impact,Some Impact,High Impact,No Impact,Some Impact,No Impact,No Impact,No Impact,No Impact,No Impact,No Impact,Some Impact,No Impact,No Impact,High Impact,No Impact,"Technical Studies, Applied Associate of Science",First Choice,0.0,Man,White/Caucasian,21-24
2024/09/21 11:25:37 PM AST,CMP 128 Computer Science I,Yes,No,No,No,Yes,Yes,No,Yes,No,No,No,No,No,No,High Impact,High Impact,High Impact,Some Impact,No Impact,No Impact,High Impact,Some Impact,Some Impact,Some Impact,No Impact,High Impact,No Impact,No Impact,High Impact,No Impact,Mechanical engineering technology,Non-Major,5.0,Man,White/Caucasian,19-20
2024/09/21 11:48:22 PM AST,CMP 128 Computer Science I,Yes,No,No,No,No,No,No,No,No,No,No,No,No,No,High Impact,High Impact,High Impact,High Impact,Some Impact,Some Impact,High Impact,High Impact,High Impact,High Impact,High Impact,Some Impact,Some Impact,No Impact,High Impact,No Impact,Mech e,Non-Major,5.0,Man,White/Caucasian,19-20
2024/09/21 11:53:32 PM AST,CMP 128 Computer Science I,Yes,No,No,No,No,No,No,No,No,No,No,No,No,No,High Impact,High Impact,High Impact,No Impact,Some Impact,No Impact,Some Impact,High Impact,No Impact,Some Impact,Some Impact,Some Impact,Some Impact,No Impact,High Impact,High Impact,Mech E,Non-Major,4.0,Man,White/Caucasian,19-20
2024/09/22 8:09:39 AM AST,CMP 128 Computer Science I,No,No,No,Yes,No,No,No,No,No,No,No,No,No,No,High Impact,Some Impact,High Impact,Some Impact,High Impact,Some Impact,Some Impact,Some Impact,Some Impact,Some Impact,No Impact,No Impact,No Impact,Some Impact,Some Impact,No Impact,Mechanical Engineering,Non-Major,3.0,Man,Multi-Racial,21-24
2024/09/22 11:56:05 AM AST,CMP 128 Computer Science I,No,No,No,Yes,Yes,No,No,No,No,No,No,No,No,No,No Impact,High Impact,Some Impact,High Impact,High Impact,Some Impact,Not Applicable,Not Applicable,Not Applicable,High Impact,Not Applicable,Not Applicable,High Impact,Not Applicable,High Impact,Not Applicable,Non Degree seeking,Non-Major,4.0,Man,White/Caucasian,19-20
2024/09/22 3:10:08 PM AST,CMP 128 Computer Science I,No,No,No,Yes,No,No,No,No,No,No,No,No,No,No,Some Impact,High Impact,No Impact,No Impact,No Impact,No Impact,No Impact,Some Impact,Some Impact,Some Impact,No Impact,Some Impact,Some Impact,No Impact,High Impact,No Impact,Computer Science,First Choice,0.0,Man,Hispanic or Latino;Multi-Racial,19-20
2024/09/22 3:13:34 PM AST,CMP 128 Computer Science I,Yes,No,No,Yes,No,No,No,No,No,No,No,No,No,No,High Impact,High Impact,No Impact,No Impact,No Impact,No Impact,No Impact,Some Impact,Some Impact,Some Impact,No Impact,Some Impact,Some Impact,No Impact,Some Impact,No Impact,Computer Science,First Choice,0.0,Man,Hispanic or Latino;Multi-Racial,19-20
2024/09/22 6:32:46 PM AST,CMP 128 Computer Science I,Don't recall,Don't recall,Don't recall,Don't recall,Yes,Don't recall,Don't recall,Don't recall,Don't recall,Don't recall,Yes,Don't recall,Don't recall,Yes,No Impact,High Impact,No Impact,High Impact,No Impact,No Impact,No Impact,No Impact,No Impact,No Impact,No Impact,No Impact,High Impact,No Impact,No Impact,No Impact,Information Technology,First Choice,0.0,Man,Black/African American,19-20
2024/09/22 8:51:18 PM AST,CMP 128 Computer Science I,Yes,No,No,Yes,No,No,No,Yes,No,No,No,No,No,No,No Impact,High Impact,High Impact,High Impact,No Impact,No Impact,High Impact,No Impact,Not Applicable,Not Applicable,Not Applicable,Not Applicable,Not Applicable,Not Applicable,Not Applicable,Not Applicable,Information Technology,Science,0.0,Man,Hispanic or Latino;Black/African American,19-20
2024/09/22 9:17:23 PM AST,CMP 128 Computer Science I,Yes,Don't recall,No,No,No,No,Yes,Yes,No,No,No,No,No,No,High Impact,High Impact,No Impact,No Impact,No Impact,No Impact,Some Impact,Some Impact,Some Impact,No Impact,No Impact,No Impact,No Impact,No Impact,Some Impact,No Impact,Computer Science,Business,0.0,Man,Hispanic or Latino,19-20
2024/09/22 11:07:28 PM AST,CMP 128 Computer Science I,Yes,No,No,Yes,Yes,Yes,Yes,No,No,No,No,No,No,No,Some Impact,Some Impact,No Impact,No Impact,No Impact,No Impact,No Impact,Some Impact,No Impact,No Impact,No Impact,No Impact,No Impact,No Impact,Some Impact,No Impact,Computer Science,Engineering,0.0,Man,Hispanic or Latino;American Indian/Native American/Alaska Native;Asian;Black/African American;Native Hawaiian/Other Pacific Islander;White/Caucasian;Multi-Racial;Choose not to reply,19-20
2024/09/27 1:01:23 PM AST,CMP 131 Fundamentals of Programming (Python),No,No,No,Yes,Yes,Yes,No,No,No,Yes,No,No,No,No,Some Impact,Some Impact,Some Impact,No Impact,High Impact,High Impact,No Impact,No Impact,No Impact,No Impact,No Impact,No Impact,No Impact,No Impact,No Impact,No Impact,Data Analytics Certificate of Achievement,First Choice,0.0,Man,White/Caucasian,25-34
